Workbook

Sheet Read me
A1: LMS — Resource & Cost Model
A4: How to use: edit ONLY the blue cells on the Assumptions and Resource Model sheets.
A5: Everything else (black = formula, green = cross-sheet link) recalculates automatically.
A7: Sheets:
A8: • Assumptions — load model, on-prem unit costs, cloud prices, horizon.
A9: • Resource Model — per-module vCPU / RAM / storage per node, node counts by stage,
A10: and aggregate vCPU / RAM / storage + peak video bandwidth.
A11: • On-Prem Cost — physical host sizing derived from Full load, CAPEX BoM, 15-yr TCO.
A12: • Cloud Cost — monthly build-up (compute, storage, egress) and 15-yr TCO.
A13: • Comparison — cumulative side-by-side, crossover year, 15-yr saving, pilot note, chart.
A15: All figures are INDICATIVE planning estimates (₹ lakh unless noted; USD→INR on Assumptions),
A16: to be firmed with vendor quotes. Egress rates: AWS $0.09/GB first 10 TB → $0.05/GB >150 TB;
A17: Azure ~$0.087/GB (verified 2026). Internal LAN traffic on-prem carries no egress charge.

Sheet Assumptions
A1: LMS SIZING & COSTING MODEL — ASSUMPTIONS (edit the blue cells)
A3: LOAD MODEL
A4: Registered users (workforce) | B4: 20000 | C4: ONGC est. 15–20k
A5: Peak concurrent — Full load | B5: 10000 | C5: design target
A6: Peak concurrent — Early rollout | B6: 3000 | C6: phased onboarding
A7: Peak concurrent — Pilot | B7: 500 | C7: 1–2 departments
A8: % streaming video at peak | B8: 0.4 | C8: rest read/quiz/navigate
A9: Video bitrate (adaptive avg) | B9: 2 | C9: Mbps, ~720p
A11: ON-PREM UNIT COSTS (₹ lakh)
A12: Compute host (2×32c / 512 GB / NVMe) | B12: 16 | C12: per host
A13: GPU host (24 GB GPU, transcode+LLM) | B13: 22 | C13: per host
A14: Storage subsystem (object + fast tier) | B14: 25 | C14: ~48 TB raw
A15: Networking + firewalls (redundant 25/40G) | B15: 35 | C15: HA fabric
A16: Racks / PDU / cabling (0 if reusing DC) | B16: 8
A17: Software (OS support, backup, WAF, mon.) | B17: 15 | C17: one-time
A18: Annual OPEX (power, cooling, AMC, ops) | B18: 50 | C18: per year
A19: Hardware refresh cycle | B19: 6 | C19: years
A20: Refresh cost (% of initial hardware) | B20: 0.6 | C20: prices fall over time
A21: HA spare compute hosts (N+1 etc.) | B21: 2 | C21: resilience + DB isolation
A22: Effective vCPU per host | B22: 96 | C22: 64 cores, mixed overcommit
A23: Usable RAM per host | B23: 512 | C23: GB
A25: CLOUD PRICES (AWS/Azure, 2026)
A26: General compute (reserved) | B26: 0.045 | C26: USD / vCPU-hr
A27: Database compute (managed, multi-AZ) | B27: 0.12 | C27: USD / vCPU-hr
A28: Object storage | B28: 0.023 | C28: USD / GB-mo (S3)
A29: Block storage (NVMe-class) | B29: 0.08 | C29: USD / GB-mo (EBS gp3)
A30: Egress — blended | B30: 0.075 | C30: USD / GB (AWS 0.09→0.05 tiered)
A31: Avg egress at full load | B31: 50 | C31: TB / month
A32: GPU instance | B32: 500 | C32: USD / month (batch)
A33: Managed svc + load balancers | B33: 500 | C33: USD / month
A34: Hours per month | B34: 730
A35: USD → INR | B35: 85 | C35: exchange rate
A37: HORIZON
A38: Analysis horizon | B38: 15 | C38: years
A39: Cloud annual growth (content+egress+heads) | B39: 0.03 | C39: compounding

Sheet Resource Model
A1: RESOURCE CONSUMPTION BY MODULE — PILOT → EARLY → FULL LOAD
A3: Module | B3: Prod vCPU /node | C3: Prod RAM /node (GB) | D3: Prod Storage /node (GB) | E3: Pilot vCPU /node | F3: Pilot RAM /node (GB) | G3: Pilot Storage /node (GB) | H3: Pilot nodes | I3: Early nodes | J3: Full nodes
A4: Reverse proxy / WAF | B4: 8 | C4: 16 | D4: 100 | E4: 4 | F4: 8 | G4: 50 | H4: 1 | I4: 2 | J4: 2
A5: App servers (FastAPI) | B5: 8 | C5: 16 | D5: 100 | E5: 4 | F5: 8 | G5: 50 | H5: 1 | I5: 3 | J5: 5
A6: Media / cache (Nginx) | B6: 8 | C6: 32 | D6: 2000 | E6: 4 | F6: 16 | G6: 1000 | H6: 1 | I6: 2 | J6: 3
A7: PostgreSQL (pri + replica) | B7: 16 | C7: 128 | D7: 2000 | E7: 8 | F7: 32 | G7: 500 | H7: 1 | I7: 2 | J7: 2
A8: Redis (cache/session/queue) | B8: 4 | C8: 32 | D8: 100 | E8: 2 | F8: 16 | G8: 50 | H8: 1 | I8: 3 | J8: 3
A9: Object storage (MinIO) | B9: 8 | C9: 32 | D9: 12000 | E9: 8 | F9: 32 | G9: 6000 | H9: 1 | I9: 4 | J9: 4
A10: GPU / batch worker | B10: 16 | C10: 64 | D10: 2000 | E10: 0 | F10: 0 | G10: 0 | H10: 0 | I10: 1 | J10: 1
A11: Observability (metrics/logs) | B11: 8 | C11: 32 | D11: 4000 | E11: 4 | F11: 16 | G11: 1000 | H11: 1 | I11: 1 | J11: 1
A13: AGGREGATE totals → | B13: vCPU | C13: RAM (GB) | D13: Storage (GB) | E13: Storage (TB)
A14: Pilot (~500 concurrent) | B14: =SUMPRODUCT(E4:E11,H4:H11) -> 34 | C14: =SUMPRODUCT(F4:F11,H4:H11) -> 128 | D14: =SUMPRODUCT(G4:G11,H4:H11) -> 8650 | E14: =D14/1000 -> 8.65
A15: Early (~3,000 concurrent) | B15: =SUMPRODUCT(B4:B11,I4:I11) -> 156 | C15: =SUMPRODUCT(C4:C11,I4:I11) -> 720 | D15: =SUMPRODUCT(D4:D11,I4:I11) -> 62800 | E15: =D15/1000 -> 62.8
A16: Full (~10,000 concurrent) | B16: =SUMPRODUCT(B4:B11,J4:J11) -> 180 | C16: =SUMPRODUCT(C4:C11,J4:J11) -> 784 | D16: =SUMPRODUCT(D4:D11,J4:J11) -> 65000 | E16: =D16/1000 -> 65
A18: PEAK VIDEO BANDWIDTH
A19: Pilot (Gbps) | B19: =Assumptions!B7*Assumptions!B8*Assumptions!B9/1000 -> 0.4
A20: Early (Gbps) | B20: =Assumptions!B6*Assumptions!B8*Assumptions!B9/1000 -> 2.4
A21: Full — realistic peak (Gbps) | B21: =Assumptions!B5*Assumptions!B8*Assumptions!B9/1000 -> 8
A22: Full — ceiling if ALL stream (Gbps) | B22: =Assumptions!B5*Assumptions!B9/1000 -> 20
A24: Internal video rides the LAN (25/40 GbE) at zero cost; only home users consume metered internet egress.

Sheet On-Prem Cost
A1: ON-PREMISE COST — CAPEX + 15-YEAR OPEX (₹ lakh)
A3: PHYSICAL SIZING (derived from Full load, excl. storage & GPU hosts)
A4: Compute-pool vCPU (Full − object − GPU) | B4: ='Resource Model'!B16-('Resource Model'!B9*'Resource Model'!J9)-('Resource Model'!B10*'Resource Model'!J10) -> 132
A5: Compute-pool RAM (GB) | B5: ='Resource Model'!C16-('Resource Model'!C9*'Resource Model'!J9)-('Resource Model'!C10*'Resource Model'!J10) -> 592
A6: Min compute hosts = MAX(vCPU/eff, RAM/host) + spare | B6: =ROUNDUP(MAX(B4/Assumptions!B22,B5/Assumptions!B23),0)+Assumptions!B21 -> 4
A8: INITIAL CAPEX
A9: Item | B9: Qty | C9: Unit ₹L | D9: Amount ₹L
A10: Compute hosts | B10: =B6 -> 4 | C10: =Assumptions!B12 -> 16 | D10: =B10*C10 -> 64
A11: GPU host | B11: ='Resource Model'!J10 -> 1 | C11: =Assumptions!B13 -> 22 | D11: =B11*C11 -> 22
A12: Storage subsystem | B12: =1 -> 1 | C12: =Assumptions!B14 -> 25 | D12: =B12*C12 -> 25
A13: Networking + firewalls | B13: 0 | C13: =Assumptions!B15 -> 35 | D13: =B13*C13 -> 0
A14: Racks / PDU / cabling | B14: =1 -> 1 | C14: =Assumptions!B16 -> 8 | D14: =B14*C14 -> 8
A15: Hardware subtotal | D15: =SUM(D10:D14) -> 119
A16: Software (one-time) | B16: =1 -> 1 | C16: =Assumptions!B17 -> 15 | D16: =B16*C16 -> 15
A17: INITIAL CAPEX (₹ lakh) | D17: =D15+D16 -> 134 | F17: =D17/100 -> 1.34
D18: 0.1
A19: 15-YEAR TOTAL COST OF OWNERSHIP (₹ lakh)
A20: Year | B20: CapEx | C20: Refresh | D20: OpEx | E20: Annual | F20: Cumulative
A21: 1 | B21: =D17 -> 134 | C21: 0 | D21: =$D$17*$D$18 -> 13.4 | E21: =B21+C21+D21 -> 147.4 | F21: =E21 -> 147.4
A22: 2 | B22: 0 | C22: =IF(AND(MOD(2-1,Assumptions!B19)=0),$D$15*Assumptions!B20,0) -> 0 | D22: =$D$17*$D$18 -> 13.4 | E22: =B22+C22+D22 -> 13.4 | F22: =F21+E22 -> 160.8
A23: 3 | B23: 0 | C23: =IF(AND(MOD(3-1,Assumptions!B19)=0),$D$15*Assumptions!B20,0) -> 0 | D23: =$D$17*$D$18 -> 13.4 | E23: =B23+C23+D23 -> 13.4 | F23: =F22+E23 -> 174.2
A24: 4 | B24: 0 | C24: =IF(AND(MOD(4-1,Assumptions!B19)=0),$D$15*Assumptions!B20,0) -> 0 | D24: =$D$17*$D$18 -> 13.4 | E24: =B24+C24+D24 -> 13.4 | F24: =F23+E24 -> 187.6
A25: 5 | B25: 0 | C25: =IF(AND(MOD(5-1,Assumptions!B19)=0),$D$15*Assumptions!B20,0) -> 0 | D25: =$D$17*$D$18 -> 13.4 | E25: =B25+C25+D25 -> 13.4 | F25: =F24+E25 -> 201
A26: 6 | B26: 0 | C26: =IF(AND(MOD(6-1,Assumptions!B19)=0),$D$15*Assumptions!B20,0) -> 0 | D26: =$D$17*$D$18 -> 13.4 | E26: =B26+C26+D26 -> 13.4 | F26: =F25+E26 -> 214.4
A27: 7 | B27: 0 | C27: =IF(AND(MOD(7-1,Assumptions!B19)=0),$D$15*Assumptions!B20,0) -> 71.4 | D27: =$D$17*$D$18 -> 13.4 | E27: =B27+C27+D27 -> 84.8 | F27: =F26+E27 -> 299.2
A28: 8 | B28: 0 | C28: =IF(AND(MOD(8-1,Assumptions!B19)=0),$D$15*Assumptions!B20,0) -> 0 | D28: =$D$17*$D$18 -> 13.4 | E28: =B28+C28+D28 -> 13.4 | F28: =F27+E28 -> 312.6
A29: 9 | B29: 0 | C29: =IF(AND(MOD(9-1,Assumptions!B19)=0),$D$15*Assumptions!B20,0) -> 0 | D29: =$D$17*$D$18 -> 13.4 | E29: =B29+C29+D29 -> 13.4 | F29: =F28+E29 -> 326
A30: 10 | B30: 0 | C30: =IF(AND(MOD(10-1,Assumptions!B19)=0),$D$15*Assumptions!B20,0) -> 0 | D30: =$D$17*$D$18 -> 13.4 | E30: =B30+C30+D30 -> 13.4 | F30: =F29+E30 -> 339.4
A31: 11 | B31: 0 | C31: =IF(AND(MOD(11-1,Assumptions!B19)=0),$D$15*Assumptions!B20,0) -> 0 | D31: =$D$17*$D$18 -> 13.4 | E31: =B31+C31+D31 -> 13.4 | F31: =F30+E31 -> 352.8
A32: 12 | B32: 0 | C32: =IF(AND(MOD(12-1,Assumptions!B19)=0),$D$15*Assumptions!B20,0) -> 0 | D32: =$D$17*$D$18 -> 13.4 | E32: =B32+C32+D32 -> 13.4 | F32: =F31+E32 -> 366.2
A33: 13 | B33: 0 | C33: =IF(AND(MOD(13-1,Assumptions!B19)=0),$D$15*Assumptions!B20,0) -> 71.4 | D33: =$D$17*$D$18 -> 13.4 | E33: =B33+C33+D33 -> 84.8 | F33: =F32+E33 -> 451
A34: 14 | B34: 0 | C34: =IF(AND(MOD(14-1,Assumptions!B19)=0),$D$15*Assumptions!B20,0) -> 0 | D34: =$D$17*$D$18 -> 13.4 | E34: =B34+C34+D34 -> 13.4 | F34: =F33+E34 -> 464.4
A35: 15 | B35: 0 | C35: =IF(AND(MOD(15-1,Assumptions!B19)=0),$D$15*Assumptions!B20,0) -> 0 | D35: =$D$17*$D$18 -> 13.4 | E35: =B35+C35+D35 -> 13.4 | F35: =F34+E35 -> 477.8
A36: 15-yr total | E36: =F35/100 -> 4.778 | F36: =F35 -> 477.8

Sheet Cloud Cost
A1: PUBLIC CLOUD COST — MONTHLY BUILD-UP + 15-YEAR TCO
A3: MONTHLY COST AT FULL LOAD (USD)
A4: Component | B4: Basis | C4: USD / month
A5: General compute | B5: (total − DB − GPU − object) vCPU × rate × hrs | C5: =('Resource Model'!B16-('Resource Model'!B7*'Resource Model'!J7)-('Resource Model'!B10*'Resource Model'!J10)-('Resource Model'!B9*'Resource Model'!J9))*Assumptions!B26*Assumptions!B34 -> 3285
A6: Database compute | B6: DB vCPU × managed rate × hrs | C6: =('Resource Model'!B7*'Resource Model'!J7)*Assumptions!B27*Assumptions!B34 -> 2803.2
A7: GPU / batch | B7: flat batch instance | C7: =Assumptions!B32 -> 500
A8: Managed svc + load balancers | B8: flat | C8: =Assumptions!B33 -> 500
A9: Object storage | B9: object GB × rate | C9: =('Resource Model'!D9*'Resource Model'!J9)*Assumptions!B28 -> 1104
A10: Block storage | B10: (total − object) GB × rate | C10: =('Resource Model'!D16-('Resource Model'!D9*'Resource Model'!J9))*Assumptions!B29 -> 1360
A11: Egress | B11: avg TB × 1024 × $/GB | C11: =Assumptions!B31*1024*Assumptions!B30 -> 3840
A12: TOTAL / month (USD) | C12: =SUM(C5:C11) -> 13392.2
A14: Annual (₹ lakh) = monthly × 12 × INR / 1e5 | C14: =C12*12*Assumptions!B35/100000 -> 136.60044
A16: 15-YEAR TCO (₹ lakh, with annual growth)
A17: Year | B17: Annual ₹L | C17: Cumulative ₹L
A18: 1 | B18: =$C$14 -> 136.60044 | C18: =B18 -> 136.60044
A19: 2 | B19: =B18*(1+Assumptions!B39) -> 140.69845 | C19: =C18+B19 -> 277.29889
A20: 3 | B20: =B19*(1+Assumptions!B39) -> 144.91941 | C20: =C19+B20 -> 422.2183
A21: 4 | B21: =B20*(1+Assumptions!B39) -> 149.26699 | C21: =C20+B21 -> 571.48529
A22: 5 | B22: =B21*(1+Assumptions!B39) -> 153.745 | C22: =C21+B22 -> 725.23029
A23: 6 | B23: =B22*(1+Assumptions!B39) -> 158.35735 | C23: =C22+B23 -> 883.58764
A24: 7 | B24: =B23*(1+Assumptions!B39) -> 163.10807 | C24: =C23+B24 -> 1046.6957
A25: 8 | B25: =B24*(1+Assumptions!B39) -> 168.00131 | C25: =C24+B25 -> 1214.697
A26: 9 | B26: =B25*(1+Assumptions!B39) -> 173.04135 | C26: =C25+B26 -> 1387.7384
A27: 10 | B27: =B26*(1+Assumptions!B39) -> 178.23259 | C27: =C26+B27 -> 1565.971
A28: 11 | B28: =B27*(1+Assumptions!B39) -> 183.57957 | C28: =C27+B28 -> 1749.5505
A29: 12 | B29: =B28*(1+Assumptions!B39) -> 189.08696 | C29: =C28+B29 -> 1938.6375
A30: 13 | B30: =B29*(1+Assumptions!B39) -> 194.75956 | C30: =C29+B30 -> 2133.397
A31: 14 | B31: =B30*(1+Assumptions!B39) -> 200.60235 | C31: =C30+B31 -> 2333.9994
A32: 15 | B32: =B31*(1+Assumptions!B39) -> 206.62042 | C32: =C31+B32 -> 2540.6198
A33: 15-yr total | B33: =C32/100 -> 25.406198 | C33: =C32 -> 2540.6198

Sheet Comparison
A1: ON-PREM vs CLOUD — 15-YEAR CUMULATIVE (₹ lakh)
A3: Year | B3: On-Prem cum. | C3: Cloud cum. | D3: Cloud − On-Prem
A4: 1 | B4: ='On-Prem Cost'!F21 -> 147.4 | C4: ='Cloud Cost'!C18 -> 136.60044 | D4: =C4-B4 -> -10.79956
A5: 2 | B5: ='On-Prem Cost'!F22 -> 160.8 | C5: ='Cloud Cost'!C19 -> 277.29889 | D5: =C5-B5 -> 116.49889
A6: 3 | B6: ='On-Prem Cost'!F23 -> 174.2 | C6: ='Cloud Cost'!C20 -> 422.2183 | D6: =C6-B6 -> 248.0183
A7: 4 | B7: ='On-Prem Cost'!F24 -> 187.6 | C7: ='Cloud Cost'!C21 -> 571.48529 | D7: =C7-B7 -> 383.88529
A8: 5 | B8: ='On-Prem Cost'!F25 -> 201 | C8: ='Cloud Cost'!C22 -> 725.23029 | D8: =C8-B8 -> 524.23029
A9: 6 | B9: ='On-Prem Cost'!F26 -> 214.4 | C9: ='Cloud Cost'!C23 -> 883.58764 | D9: =C9-B9 -> 669.18764
A10: 7 | B10: ='On-Prem Cost'!F27 -> 299.2 | C10: ='Cloud Cost'!C24 -> 1046.6957 | D10: =C10-B10 -> 747.49571
A11: 8 | B11: ='On-Prem Cost'!F28 -> 312.6 | C11: ='Cloud Cost'!C25 -> 1214.697 | D11: =C11-B11 -> 902.09702
A12: 9 | B12: ='On-Prem Cost'!F29 -> 326 | C12: ='Cloud Cost'!C26 -> 1387.7384 | D12: =C12-B12 -> 1061.7384
A13: 10 | B13: ='On-Prem Cost'!F30 -> 339.4 | C13: ='Cloud Cost'!C27 -> 1565.971 | D13: =C13-B13 -> 1226.571
A14: 11 | B14: ='On-Prem Cost'!F31 -> 352.8 | C14: ='Cloud Cost'!C28 -> 1749.5505 | D14: =C14-B14 -> 1396.7505
A15: 12 | B15: ='On-Prem Cost'!F32 -> 366.2 | C15: ='Cloud Cost'!C29 -> 1938.6375 | D15: =C15-B15 -> 1572.4375
... A18: 15 | B18: ='On-Prem Cost'!F35 -> 477.8 | C18: ='Cloud Cost'!C32 -> 2540.6198 | D18: =C18-B18 -> 2062.8198
A20: Crossover (first year on-prem cheaper) | B20: {=MATCH(TRUE(),INDEX(B4:B18<C4:C18,0),0)} -> 2
A21: 15-year saving with on-prem (₹ crore) | B21: =D18/100 -> 20.628198
A23: PILOT (1 month) — where cloud actually wins
A24: On-prem pilot (reuse spare DC capacity) | B24: ≈ ₹0–0.5 cr
A25: Cloud pilot — 1 month (~500 concurrent) | B25: =( ('Resource Model'!B14-('Resource Model'!E7*'Resource Model'!H7)-('Resource Model'!E9*'Resource Model'!H9))*Assumptions!B26*Assumptions!B34+('Resource Model'!E7*'Resource Model'!H7)*Assumptions!B27*Assumptions!B34+('Resource Model'!G9*'Resource Model'!H9)*Assumptions!B28*0.5+Assumptions!B31*(Assumptions!B7/Assumptions!B5)*1024*Assumptions!B30 )*Assumptions!B35/100000 -> 1.320135
A26: Recommendation: pilot cheap+fast on cloud → move to on-prem for full scale (payback ~2 yrs).
